sqrt,massno,y,output,predictions
20,208,0,85.7,61.151844
20,208,0.1,84.8,61.023365
20,208,0.3,81.5,60.76641
20,208,0.5,77.3,60.509457
20,208,0.7,67.4,60.252495
20,208,0.9,57.6,59.995544
20,208,1.1,50.6,59.73859
20,208,1.3,40.2,59.48163
20,208,1.5,31.2,59.22468
20,208,1.7,22.4,58.96772
20,208,1.9,15.4,58.710754
20,208,2.1,10.1,58.4538
20,208,2.3,6.2,58.196846
20,208,2.5,3.5,57.939896
