y,Actual,Predicted
0.0,85.7,0.072000474
0.1,84.8,0.07199033
0.3,81.5,0.072000474
0.5,77.3,-0.0040479973
0.7,67.4,-0.0921998
0.9,57.6,-0.18035156
1.1,50.6,-0.2685034
1.3,40.2,-0.35665518
1.5,31.2,-0.44480702
1.7,22.4,-0.53295887
1.9,15.4,-0.6211107
2.1,10.1,-0.7092624
2.3,6.2,-0.7974142
2.5,3.5,-0.885566
